"id","title","src","leyenda","scientific_name","description_1","description_2","description_3","categoria"
1,"Zorro Cañero","https://www.zoologicodecali.com.co/~zoologic/images/zooanimalesapp/zorrocaeroh.jpg","Un astuto y recursivo","Cerdocyon thous","El zorro cangrejero es una especie de zorro nativa del centro y norte de Sudamérica, cuya población se extiende por países como Argentina, Brasil, Bolivia, Colombia, Panamá, Paraguay, Uruguay y Venezuela. Al igual que todos los tipos de zorros, el zorro cangrejero es un mamífero que pertenece a la familia de los cánidos, la cual también comprende otras especies como perros, lobos, dingos, chacales, entre otros animales.","Los zorros cangrejeros mantienen una dieta omnívora muy variada, que está basada principalmente el consumo de proteínas de origen animal, pero que también incorpora frutos, semillas y frutas ricas en fibras, vitaminas y minerales para suplir enteramente sus requerimientos nutricionales.","El zorro cangrejero es una especie monógama que suele experimentar un único período de reproducción anual, aunque los ejemplares que viven en zonas favorables con abundante alimento puedan llegar a reproducirse dos veces por año.",3
2,"Avestruz","https://static.iris.net.co/sostenibilidad/upload/images/2020/4/10/49833_1.jpg","Huevos supergigantes!","Struthio camelus","Es el ave más grande y de mayor peso del mundo. Cuando nacen los polluelos miden entre 25 y 30 cm de altura, pesando unos 900 g. Durante el primer año de vida los polluelos crecen unos 25 cm al mes. Los machos adultos pueden llegar a alcanzar los 2,75 o incluso 3 metros, y pesar alrededor de 180 kg.","El avestruz, al igual que todas las aves, carece de dientes y presenta escasa movilidad en la lengua, por lo que no realiza masticación alguna sobre lo que ingiere. Coge el alimento con el pico y lo hace avanzar hacia la apertura del esófago.","Su comportamiento reproductivo es muy variable, dependiendo de la densidad de población, las condiciones climáticas y el hábitat.9​ Los machos alcanzan la madurez alrededor de los 3 años de edad. Las hembras, si están bien alimentadas, pueden alcanzar esta madurez unos 6 meses antes.",2
3,"Rana de Lehamnn","https://pbs.twimg.com/media/DEO0JCNXoAQ3ApX.jpg","Hermosa pero peligrosa","Oophaga lehmanni","Con sus 31 a 36 mm la rana venenosa de Lehmann es uno de los dendrobátidos más grandes. Existen tres formas de color, rojo, naranja y amarillo sobre un fondo marrón, negro o corteza. La rana es principalmente de color oscuro y está rodeada por dos bandas de colores brillantes. Una banda está detrás de la cabeza y la otra está alrededor de la joroba de la espalda. Los diseños de colores están separados por una coloración irregular oscura. Los brazos y patas también están rodeados por los colores brillantes.","Las larvas se alimentan de huevos no fertilizados que deposita la madre, algunas de estas larvas son caníbales, de ahí que los adultos, las ubiquen en reservorios de agua diferentes. En edad adulta se alimenta de pequeños insectos, principalmente de hormigas","Las hembras depositan los huevos entre la hojarasca húmeda, después de un cortejo breve y agresivo del macho, que incluye cantos insistentes, empujones, amplexus erráticos y rápidos; los machos fertilizan en el suelo las posturas; el tamaño de la nidada oscila entre 4 y 6 huevos, que eclosionan en dos semanas para ser cargadas de manera individual por las hembras (aun cuando se sospecha que los machos podrían transportar los renacuajos para ser depositadas en aguas de axilas de plantas epifitas, donde 60 días después se llegan a la metamorfosis. Solo el 30% del esfuerzo reproductivo de la población puede tener éxito",1
4,"Pez disco","https://www.pecesdeacuarios.net/wp-content/uploads/2018/05/pez-disco-Symphysodon-discus.jpg","Simplemente hermoso!","Symphysodon discus","El pez Disco (Symphysodon discus) es un Cíclido originario de la selva amazónica.Lleva con nosotros desde 1.993, cuando los primeros ejemplares fueron importados a Europa, aunque el estudio de sus costumbres reproductoras en acuario, data desde 1.956, fecha a partir de la que se reproducen en cautividad, en acuarios específicos. En la clasificación de esta especie hay cierta controversia, aunque se admite en términos habituales dos tipos de peces disco, el Symphysodon aequifasciatus aequifasciatus o pez Disco Verde y el Symphysodon aequifasciatus axelrodi o pez Disco Marrón. Para el acuario y también con el ánimo de simplificar las cosas, vamos a tratar al pez Disco como si fuera una sola especie (Symphysodon discus), aunque se pueda dividir en dos o más, como veremos a lo largo del artículo.","Su dieta se puede definir como omnívora, ligeramente carnívora. Todo en el pez Disco es majestuoso, por eso se le llama el Rey del acuario. Sin embargo, al igual que un “Rey”, es bastante delicado de mantener, como ya hemos visto en las condiciones del acuario. Para comer es igualmente delicado. Debemos proveerle una dieta a base de gusanos, dafnias y lombrices. También suelen aceptar trozos pequeños de corazón de buey y presas liofilizadas. La dieta se puede completar con algunos vegetales y escamas secas.","Los peces Disco pueden comenzar a formar parejas a partir de los 10 meses de vida. Lo normal es que alcancen la madurez sexual entorno a los dos años de vida. Entre estos dos primeros años y los cuatro es la mejor etapa para su cría.",4
5,"Cocodrillo","https://www.lavanguardia.com/r/GODO/LV/p7/WebSite/2020/07/01/Recortada/img_npalou_20200701-153028_imagenes_lv_otras_fuentes_croc-768x512-k3u-U482045242561hJH-992x558@LaVanguardia-Web.png","El mejor amigo de la tortuga","Crocodylidae"," "," "," ",5
6,"Oso Panda","https://encrypted-tbn0.gstatic.com/images?q=tbn:ANd9GcQPvHMGnzLfNPqoO5KPhOO1y-fLgOIQr-a2Cg&usqp=CAU","El guerrero dragon","Ailuropoda melanoleuca"," "," "," ",3
7,"Pez Payaso","https://www.anipedia.net/imagenes/pez-payaso.jpg","Siempre fieles!","Amphiprioninae"," "," "," ",4
8,"El pepe
","data:image/jpeg;base64,/9j/4AAQSkZJRgABAQAAAQABAAD/2wCEAAkGBxITEhMSEhIVFRUVFxcSFRUVFRUVFxUXFRUXFhUVFRUYHSggGBolHRUVITEhJSkrLi4uFx8zODMtNygtLisBCgoKDg0OGxAQGi0lHyUtKy0tLS0tKy0rLS0tLS0tLS0tLS0tKy0tLS0tLS0rLS0tLS0tLS0tLS8tLS0tKy0tLf/AABEIAKgBLAMBIgACEQEDEQH/xAAbAAACAwEBAQAAAAAAAAAAAAAEBQIDBgABB//EAEgQAAEDAwMBBgMEBQkECwAAAAEAAhEDBCEFEjFBBhMiUWFxMoGRBxShsSNCUsHRFTNUYnKjsuHwc9LT8SQlNFNjZIKSk6Kz/8QAGwEAAwEBAQEBAAAAAAAAAAAAAAECAwQGBQf/xAAuEQACAgEDAwMCBAcAAAAAAAAAAQIRAwQSIQUxQRMyUSKBYXGR8BQzQlKhscH/2gAMAwEAAhEDEQA/AMIwKBKi2opNWRseRK9LfRcXDgL1iQFNXn1XsyvSRJ/MqZAPAQBUWRmV6aQJ3EyfdXSCYIXNY0QM/wAEAU9y3zJ6QrdnkAB6+asYIMx9eFZVoPAbMeLgTke/kgARjZ5VzbcHA+iMtbUk+PwxGec+vojWWYc+QB4jiMAJiFlOi0dJPn5KDsVmkY4j5FPKeneJ4ILdp/5JXqtDbWgGYhMR2q3Ah3hgkkmOJ9AsvWqJ1qzHQPLkrPvcmgK6hlRBwvdy4lWSRDlxcvFfbW5chugSsp6LwBNWabKIbopiYU7kX6bFOzCpcIT2noVV3DcKu57PVWiYRuQPGxKSuBV9W0c3kKpgVWQ00cJUmgr3C7emIm0o6wohzoJhL2FG2nKQGqo6QSG7KxaR8x7GCr/5CqlwP3jAHIGc8gDoo6U+GQIjn/RTA3BbJa1zyBjaDB+azZaAX6DVJIa9zvDIJa3PpMpN/JNy50DYHCcbtp9vdfQ+ymnXFfdFN8gAGB4ROY3kgT6KjXOy/cVoa1pquaHbAS9xkniOHY6IoLMDb/eG1Qx1JwdMcY+vELTXlfuQGuku27scROQE4Z2L1G4YA2l3QMGaz9gGf2RL/wD6rD3V3VpValKoQ40nPpgtO5stcQdpPLfJOgux8NZaQ5uWzmTxzgI9uqtAHPE4MLJXV3TdDgDmAfIJhQtiWg8oEZunVRDQXKprQjqT1JRAUo4dPmpU2jhSIVAwYBSGWuaF4ym7nAAjJ9fJSc7byr7Gs0uexxguw3EiRkZ6IAiKYJwSfRB3FYNPP+Xop0Nz3VATAblz+jADn3ngBV3NAVBLcNHn09XHzQMOtK7KjYOIgyBkppWhzGsA/m/hIwTIzlJ7IBgY0t4I3O85xC0D6baryd/w+HDYnbEkFAiFmzZBd16dY9U5q6c17A+lhwM7TEOzkeiT17gMzE+XuoHWn7QWYIweOPNMk0GtapTYGFwBcZlvDhjE/NYi7uu8ql0R0HyVupXJNOahJeG/mlts7IQA61ZrBbb8l3BHksS9bK4rAUvQJHSoAtNQCSXbRjgBF0aRhu4EYavHBO69pI8ilFSkQYKtSFLG0QZTkp/ptrACH0yynJC0Fn3bR4zCiUrNceMlb2yaW1t6KOn17Z52ioJ8jhPqWnx8In2KhnTGKB7W2jBBCNfYNcMomlbfsOyOWu6eyv7s9VNmmxGN1rQGumAsjd6C5q+q3VCUnvbSB5pqRnPCmfLatsRyENC12q2oysnV5IW8ZWcOSG09BRVuMhCNCOtKRcQPMwqsyNTZWjw0NBBwDjrPVPdJrPaSKklgESI8I+S7s9pFUNDHDj9b8cJ43QnHAjPMEifdZN8mqXA37JVGPuaYo13Ykva0wHNaCYcOomPqjdJ1+5q6lXpUWNdRDx3jyB4GslpgyCSS2Iyl3ZC2p2t5uqv2k0XtBecAl7XfEfRpROja5QZdltOpst6NKq4FzoNaoXNku43E5gf1cBVHsZtd/sLPtUr3Peupioe7c0bWNcYAIIO8YEkg+eIXzAaI7OHQBMmAM8RHRbR7nPmo8EmoTI8icnnop1qQiMlvl6JSds1ox+j6eN36V21oOY9Ovsnz7CkI21SAc4iD6q6nTa5pxAyAC0cg9VxtW9DCVk7TFWtHe8NmOvsnjrekyWlueDJMrM0qrmEOb0Rb78zveS7d9Wn1CBBdW2aHfFg5GMwqatQNHgIPyz7qFR5qxt6SfkiXWBkQQZjj145SKSsCptwJnnPt1+asdbMkgBzyMmDho/rEJm3S9oDi8ZMADr6o99w1jQwUwGu+I+fv5pFbWLLamA3LGlhMkbtuW8SesILXdRDmdzTY1onxFpmfQJ9R0k1RtdLWtJzIPK9f2aDctbuHXqf8kWdENHmlHco8GTtLl7GhtQ4wWk5+U+S1NjeEtwwQYwPbxEH1Ktf2dDw8OBkkRPQAYj0VljoApjawv+piT5Isb0War2szt66X1ACfC7I8jHT5KdpYPczdh88ZjaQeVo6ekFoxTl8zvJyP3FQfprwd+3xEwQMCP/SiyVo839rMzWcd0QRjxcmf9FQomSJWnraO9xc4CDDQBOYHMpFTsHl5aGkkHiOEWTLTZYd4sMp2wewg9Qhba12s2+T5+oWi03TyB4xHuuvNPaB4Tk/6CGzXBgyLlxZktRLg6AOEvr0NzmmMnC1V5aB9M1sgtIa8DMevslNRu57T0EITFNWwu3o7Whe0q9Fpmo0H3TmytNwQ+r9nvDvA459lNl7QC6q2lUY2scOCMKm0va1Jw21i4eUyFVU7MCo5vdVGsnDt5gA+YR2u6BTtwz7vV3mBvjzAyUyVJp0a3TNYNQAuaA7gwnIuVhOz1R5MEGfZaO4ue7HiUM6YsdGs0+SWahSkYCx2pas4kllSPmhrfUbx3wPn3ITUSJZEgrXmbWuJ8isE9ajWK9xsc2s3Lx4SPQ54SBlk8jDT5cZWkeDjy/UU02p/2aa3vAXEADzR2ldgr6ptIouAcN0kEY/j6Lf6b9lToG94ZIB/aPstLs5WqIDU6LSxzahnEtaCZEZzwpN7Y0mAtAMgwPIe8ZwtTp/YG3pgBxe/zkx+SaWvZq0pfBRYMzJyZ9ylQXR881PVBX2Npd5VdLtzwxwa1m07WjGfFtTDS9LrbY2O2mCZAH6pmZzzC3NR9KmOWNj2CS6j2ptKXxVmz5AyigsUM7OVJlzgB4cZOf1pVzNAaJ3OJnpgAeyqp9sadQkUWOf+H58qFTWKrhw1h8uUcBbDWaXSYIDB55z+a8caYxLR9Fn69R7yd9R2OnCXXmondAMRA8LSQmIyVtoZIdun0j81X9zqDw904nziVqWuVwfCx3npV0WL/qEGn6USJIcHHqcY6hNG6QYjwt/E4RVSqREIgOkKd50Y+iY4+52DUrMNMlxcRwDw32Rm1hABaDGRI6lUEqTZ6JWfTho8UI0kEtaBgCB6KSHbcj0VraoPVNMva14JrlHcvZTFRLcoleEqJcgaR6HLu9VVV+IVDa2c88KWy1C+S01UJc1Mg8/5KbjyUBWqwC49FN8jyRSgz29p+F1RtTaI8Q6eohZ+iZIclNSu573OkwTxJj6JpbHAWp43Jtc212NdodcYlbSypMe0gr5pp1eCFstJueMqGaQJX3ZZhJLRCWP7OtBgkn8Fs2XeEmua25yVl+mmX6JptMcAYQfa2x3Yb5J9pNCBPmhNXHjzwlY9vg+U3+iseW7Xik4SHbgYOecdV11oYpNpmhWNWofjiQ0ey+h19EZUzC8bojWcK9xi8NuzGVwXMY14ymXZW0p/e6TnwGtO6TgYV97aDdjkKvS7d1Z2wUzLSSegI900zLJFVyfWbjtbaMgd43OBBQ1z2ndMMok+UwFn7Ls9bMeyrtHhgOnI3cznyVdzdNAc3du8W7ceR6D0V2zicYoa1e0FefE5jM/DMn6DlCDVKry8GqCBzuO0Z4SdlwCd/rtGIjGMoHUb2m7cCJJgGcRHIHmqVkypA2oWFJz3B9Wo4f1qhIbnGQl1agyiYptBM8nPqIlC6q+WSJjofRA2l8C4CpPLYOTgdPkqoizY0bxhJEgEQJiIdHHorwNxmSTPpykuj2LK9Rzu8OKkukHDAJJLup4Wpubek0Q0CW+ICfi9Z80gA7i2DmtkwZdycnDcTGfqeeB1TVqbpPHy+iYXN5t2uftO7dDR+qCGbQ4c9CqdOvaAZFSGuBIIP1B+hTAW271e8pdQqQ7KPD54XIfokOSFZ/CMpOwldw+FKwvAAWu+SRe5XQycV5Tq5UWuleEQma0i6tTBz1VEEK5rl6hoSbXB1OorQUOVJtRNMTj8F0qLyoiovHOTbJSKqroVFWqAVdVbIQVVnVQzXsiFS6JxCWa9cbaRHV2EdCT61l7G+QLk4rk4NfkcMEmKqbICPtThCublWUXQVseRixtbnIWq0d0rHUquVoNJvYKho3izb0G+FZ+nrFGluFVwa6Tz7o+jqQECUv1O1oVjLmgnz6qaNd5pNH1im5og481K/uGuIgrF22kmmf0dRwaeia6Vp5a/e6oXeQJ4Q0NS5H9OpAQV9dwCvLy4AHKSVq+5SjoxY3lltQTQqCSSJlaPSr+3DAws2u6u6GPMrJUnolr1pE+jl6dinDa0aDtRdBtB20QCQ6QcdG4hZdtx4S7J6QOSjC+RtOQeQvHWwjwc+X8FaZ8TU9JnDmHKF1Rjy7Y0565gZ5k9VRToY2uAcZmQ4nHVdUbtc6ZMfihReNaHZzgCB5niVqj4krTpkL6oACyYBBaQs5UCZXVYBxBPXIwhrI/pB15PG7HUx+9UhGv7O2zi1kvDBsDnNa3bjdncervVMNS1Ok3bTDe8gPa4g5gxtO7oiLiiKdFoFQOlg2wGxkTg8n5rMQTgEc59SOqkZc6XCnLsGqQQT12sg8/uHuYgQr03EmWsd0DjOQDyp0rQmm0H9t8STHw05+aNrW7RABIgDE/xQFGZfgpjZvkKm6oyJCi4hlV7RwHEDM4BxmMrlPfxltlRZqDcYS0GCnTxualNenBSLyryg6hXwJRAuASllHIU8tSoqGV0Ne9CrfdgJZUrod1QlA5Z0hs+8UWXSWb1Ok/KKEszHQqqTaiFpPXjzCR0XwGuKpc2Qvab5CkUi0BOCSX/APPH+yE9qrP6gf0zv7IVw7nyeq/yQOryoyuqFVlbHlQxj0TRuSOEsovgo6k2UDth1PUqoIgSima9UBhzAD6gpU5xBBWlsdZpPpd3XY10cEjxD2Kk1iy4a/TjLDPmHfuRFtqgIwZCCrUtP24Y6f7R/JL6dBgMsEeklKi0m2qHN3eziUL38BDhq9o+J3ook/CPSaLT+lG33GFJ55RDaqGaVNqEz6EophbaqtDvJBtKkHKrMXAsv6Bc2WiT+sOpHokVxZvaC7YYGeOI5BPRaClU6pzphY9zA5gImPmcAkcFaRked6p0+KTyx+58/o6XUqPcW0QRiC4zMjkeiY0Oybu9Y5lRrAR+kD3AY5IEZgrU3j3UGio2m4NkhvhkEzG0RwlGoXhc6SzI5EcQtLPOUge4eBDIhrMNHJMeqFY88xlxk+Ueyo3GXZzHt7/LoqRUdz5Nif4IChtWyymfJz+nMBnWPXzPPA6hXBeXEg46S2flKCpVH4jg+Y5hXVa75xjGYGJQAPY6iHiDyrNXZ+ke4ftE+fXzBP5lZJry2cwQtHdauO+qtf0e4Tk9TySSfxPusHE9bh1cZtKXw/8AgbZ3E4K67pyEuZWAyCjaVwCOVFH0Y5YtVYNSdBXVKuSo1nAFCOqZKdGMsm3gue9RaVSHK1pRRmp2y0FWU1SCrWFI3ixhQKseFTQcripO6L+k63fmEWUuDocmLDIQVB8AlVizusCKgPmI+i1FYLP63SkNd+y7PscKodzg6lDdhYoeoK+vQIyhZWx5EmjLWv0KClegoAdNaCrWUGpTRuiEfRugkyosLZbjqUda05Ejjos/c13VXtpNMScx5LT0WhjYHAED5KJOkfa6XgWSTk+yKLx0Y6q62p7Wodg3OlFVXRhZn3krdnMrZRDXJdTGVb3kIK3B4cpgoSnVlTZUynY6TCLWpnaj6RGQTA5JziDyI6pLTqxVH0TMOVRZy6nGskZR+UU6hqnDGbmsGSNxy79oqtjg9odkkQT0kHpKWXVMhx9TBJP4wq7U7SSdwkCOkycGOi6EzweWGyTj8HtzcHecAATjnniD6IZjSZnr9B7eacVKIH6gJjr1k9QgLhx3RAPUAdD1n0TMyoDaYHxSJdIhoPOCoU2gfqF2TkEfvU31Wthzo3FwEeUnn2UaNzQZubVNTducTtadpzgiECLaljS3EVKYcx2J4LT5yqtd7KVHVKr6Tg7xOcWHDmyT5x+SaOAcIK68rljqtM4Bc4AxxngiBj5D2WaO+Umuxg30qjDBBCnSuHDqvsHb9rWWVlDW5oMBwMy1mV81NkHua1rJc4gBrQS5xJgNAHJJ6KnArHrH5F4r+q9a9M7rspeh3hs7kg5xb1fp8KC/ke6FUUfu1bvSN4pd0/vC39oMiYwcx0UUd8NRu5sg1yua5V3NpVpO2Vab6bwAS2o1zHQeDtcJXMUtHXjnYS0q1jlZY6TcVW7qVCtUaDtLqdN7xIAJEtETkY9Vbc6XcUhuq0K1Meb6T2D6uEKaOiOSN1fJZQcr5VWm2NarPdUqlTbG7u2OfEzE7RiYP0TL+Q7v+i1//hqfwSo7I54LhtfqLKhRto/Cqo6ZcVRupUKtRsxuZTe8T1EtHqFaLGvSzVo1aY8303sH1cISo0jmhv22iysMJXdskFp4IhPraxq1Qe7pPfHOxjnRPEwMIS60C7En7rXjme5qR+SEmPUTx04uS/Uz9vT3szyPCfcJfc2JBR1R5aTUbn9pv7QHUeqJp121GyFsnweS1GB45szxplcKZTw248lA2wTswoV0rckoys5tNvr0XtxctbhuXeQUrGwL3b6vThv8UmzbDp55XUS/QbIgGq74ncegTas/ovQYC8pNkyVjJ2z1emwrDjUEXUWwFVVcrKjlTykdDZOmFVUdlWuMBCzJQRJ0gpjobKrpVMqN0+AAhm1E6Jc6CTVPeA+qbuq4Cz9I+KU1a/wphCV2EVKAe5ricAGenql9UtLgdrmF2ADxziZ6EI2m+QrSKbRTzlpJaTmSffiFrBnmesaVQn6kfJW44l0gbvn5BL6rmtqAGfMu6meB7Jhe3wJ2kdcmJwh6kHdLZBLQP3LQ+GK9TII2tydxgeQ67kOa1RsNc0yAOspzUhvi5ySZg5Um1ycyB7gSmSWU3KVy3fM8nPzQVo9HNKzO9cmo7f0/+h6eD0o0/wAGsWA0KoRqVoP/ADVuP71i+kduGA21iD/3Lf8ACxYPS7QtvrI9PvVv/wDsxavx+/LOTb9F/n/tn2btdq2oUHUxZWQug4OLyajWbCCNoyczJ+iwXZrV69z2ha65oC3q07d1J1IO3xDS8Eu9RUC3PbF+rB1L+TW0C2Hd73sTMt2bcjpu/BYTsxZXbO0DX3oYK1ag+qe7I2wGCmIAJj+bSYYmtsvyYj+2B3/WlT/Z0v8ACVkmOX0/7Ruwd9d3z69BjDTLKbQXVGtMtEHBXzDUrKpb1qlCqAKlM7XAGQDAOD15WclyfZ0meOxRT5o+1fY5V26fXd5V6h+lKkUT2D7au1I1qVS2a1rWBxIJewhxgscCMH88oP7FqkadWccxXqH3ilSKVXv2wN2EW1ptcRh1RzdrfI7GDxe0hXdJcnDPG8uTIoxt33uqHn2dWLKF7qtGn8DKlENHkCKjg35bo+St1btJqdPvidOb3TN/6Q1R8DZ8cTPGYSb7FLl1R9/Ue4ue80XuceS5xrElMtZo65V7+kGW/cv3sGQHd24kDO7B2x0SXt4NJJfxL9Ta/be5teF2pon9mVfu9MqvGdj6zgD12saYP0RXYftcdS76nVt2ta1rZIO9jg6QWOkYOEL9ltcM02q8iQypWcR57WNJH4JRffayNhFva7XEYdUcIafPY0eL6hCdJWx5MMs2bKoQt7u91RouwNq2lW1Ck34WVWtb1geOBPpx8lXrHaDUWMqk2Le7aHy/vB8Akbo9swl/2OV3PF49xLnOexzieS528kn1JJR2q0dXqsq03No92/e39UHYZjM8whe3g1lGL1clk2v225Nrwrapo+NVKZHyQT2Z3NOx3tLT7haCrQBQlSyWCdHodRpt4q7ysf2PeV620Lv5x5Po3AR5sipttinuOSHT4p20VWtsxvwtA/NGsXlOirQyFLZ9LHjjBcIjCtBwoSoucpNbJOK5irle7kyXI8rPVNDJUaz1KlgEpmblbI3VWSh5XlR2VFqZjKfJfTfCYMqeEpNUcirZ/hP0RQseTmhpSfhE0Q1xG7gSceZESgLd2FfTfBTROqxrLjcTyrT7qdrXFp8/9YQz3bgBkDr5HyynNw9zgIEE/j6Kmnp5JlxA9gtkeOnBxdC+q1nh3EeX+SFdRdLtw6+GJ+GBC0TLATmDGciCES62B/5KjIymnXAKZ94stY3O07TweCndCuCJWbR2RlaPofbFw+72H+xb/gYskHFrmvaYcxzajDAMOYQ5pg4MEDlQoWlUwRTdnYRjkVHFrI9yCB7IoWdSJ2O4njpv7uf/AHeH3VN3QopKNX+2UX/brV6Z/wC1y0/+Db/8NZ+67ZXxum3Zr/p2M7ltTu6WGEkkbdu08nMStDcadUzNN0AOJxwGODX/AEJA+ay+tdnbhjnOFNxaN5djLe6AdUn+yCCfdFsrHGCl4GzvtL1b+l/3Nv8A8NZm/v6leq+tWduqVDue6GtkxEw0ADgcBEs0a4mDQeCCWkRw5tPvSPfYQ72Xn8h3MgCi8klrRjk1GGowfNgLvYKXbO2EcceY1/gN0Xtbe2tJ1G3rbKbnF7m93SdJc0NJlzSeGjqlVM9FbS0i4dt20XncKZbA5FaRSj+1tdHsqa1B9PbvaW7272z+s3cW7h6S1w+SXc0hOMW6od6B2kurPf8Adqvd95t3+Cm+ds7fjaY+I8eaeN+0TU/6V/dUP9xYdj0XTcnyaL0ZO5RT+yHundp7uhRdQpVttJ+4ubspuneId4nNJEj1SiVXuXSp2s6IZcabaVX3/Ec6F2lubTeLersDyC7wU3TtkD42mOStFQ7e37hm4/u6P+4sICraNaEuUaQhgk7lBN/ikaFpXQltK7V/3lQfUWVMJIXQhvvCqfdIH6iCnuAQ76qoNWVwKCHkst3rwuUJXkoJ3FgKi96iSoOKCXIg45XtZ8CFHqqbupn2TMpSpEC5TmAqKXmovqpmG/yWEyUSDDfmhaKvqHAQEH5GFm7CI3IS0OFdKDpT4NHo7RUaW/rNyPUK2rRIkEZSrRLjZVaTwcfVaTUC0gTMk+HbzIW0eUeV6jjePM/hik1G7gN3ij544nzVH3Wo7LqhBPQTCG123qNLH7MkhxmSAAPhkKyzqVntBGBwMfjlUfPMEQZTC0rrlylm0GHBxBBCaW1wHe69XKToRa5A3dOcFcuSLM3c2Xdulo8P5Ke0ELlyGd2ndoFfTjooLxcmgy8HoKLt3k4XLlSMEybnLg5erkFWSDl0rlyRoptEmkqwPK5cpaR1Y8siYeVIBcuUHbGTZa1SlerkjU83LwFcuQKzxzlAlerkEtnjSl9xUyuXKkYZXwel0N91SFy5Mwkzx12AYGSi++kNwvVybIw5G5B9A4VzSuXKD6UexN7jtMcph2Z7SOc/uajS+B/OMBI+Z6L1ctIHwur90bHwuHmClJ0hzSQyoQ3kA5iVy5anwux//9k=","Mamahuevaso
","Ete Sech
",NULL,NULL,NULL,3
